id;nombre;apellido;telefono;email
1;fooey;mmm lovable;that gah;Sancho92@hotmail.com
2;boohoo knowledgeable;questionably graft;bah lest homeschool;Victoria_BurgosGamboa@hotmail.com
3;since cruelly consequently;rectangular;unless opposite;JoseEduardo34@hotmail.com
4;phew leap;marathon than energetically;boo communicate;Cecilia9@yahoo.com
5;coin;midst;rapid distorted including;Ramon.AranaGriego@hotmail.com
6;peninsula who palatable;regularly;meander;Isabel2@hotmail.com
7;providence quaff courageous;clear;pish;Nicolas29@gmail.com
8;wonderfully;possible why hm;serene tightly swing;Marcela_ZepedaSotelo@yahoo.com
9;satisfy;issue political nervously;intently even;Josefina_FernandezNarvaez90@gmail.com
10;develop qua platypus;among duh;now loose;Sofia.BadilloCavazos@hotmail.com
